-- phpMyAdmin SQL Dump
-- version 4.4.9
-- http://www.phpmyadmin.net
--
-- Host: localhost:3306
-- Generation Time: Apr 20, 2016 at 12:58 PM
-- Server version: 5.5.42
-- PHP Version: 5.6.10

SET SQL_MODE = "NO_AUTO_VALUE_ON_ZERO";
SET time_zone = "+00:00";


/*!40101 SET @OLD_CHARACTER_SET_CLIENT=@@CHARACTER_SET_CLIENT */;
/*!40101 SET @OLD_CHARACTER_SET_RESULTS=@@CHARACTER_SET_RESULTS */;
/*!40101 SET @OLD_COLLATION_CONNECTION=@@COLLATION_CONNECTION */;
/*!40101 SET NAMES utf8mb4 */;

--
-- Database: `theater_ticket_manager_db`
--

-- --------------------------------------------------------

--
-- Table structure for table `cart_items`
--

CREATE TABLE `cart_items` (
  `id` int(12) NOT NULL,
  `cart_id` varchar(256) NOT NULL,
  `performance_id` int(12) NOT NULL,
  `seat_id` int(12) NOT NULL,
  `season_id` int(12) NOT NULL
) ENGINE=InnoDB DEFAULT CHARSET=latin1;

-- --------------------------------------------------------

--
-- Table structure for table `performances`
--

CREATE TABLE `performances` (
  `id` int(11) NOT NULL,
  `start_time` int(32) NOT NULL,
  `open` int(1) NOT NULL,
  `canceled` int(1) NOT NULL,
  `play_id` int(12) NOT NULL,
  `theater_id` int(11) NOT NULL,
  `season_id` int(12) NOT NULL
) ENGINE=InnoDB AUTO_INCREMENT=12 DEFAULT CHARSET=latin1;

--
-- Dumping data for table `performances`
--

INSERT INTO `performances` (`id`, `start_time`, `open`, `canceled`, `play_id`, `theater_id`, `season_id`) VALUES
(1, 1462060800, 1, 0, 1, 2, 0),
(4, 1461182400, 1, 0, 1, 1, 1),
(5, 1460275200, 1, 0, 1, 1, 1),
(6, 1462042800, 1, 0, 2, 1, 1),
(7, 1461312000, 1, 0, 2, 2, 5),
(8, 1461168000, 1, 0, 1, 1, 0),
(9, 1461960000, 1, 0, 3, 2, 0),
(10, 1461186000, 1, 0, 4, 2, 5),
(11, 1461261600, 1, 0, 5, 2, 0);

-- --------------------------------------------------------

--
-- Table structure for table `plays`
--

CREATE TABLE `plays` (
  `id` int(12) NOT NULL,
  `name` varchar(32) NOT NULL,
  `artwork` varchar(32) NOT NULL,
  `description` text NOT NULL,
  `author` varchar(128) NOT NULL,
  `shortname` varchar(32) NOT NULL
) ENGINE=InnoDB AUTO_INCREMENT=6 DEFAULT CHARSET=latin1;

--
-- Dumping data for table `plays`
--

INSERT INTO `plays` (`id`, `name`, `artwork`, `description`, `author`, `shortname`) VALUES
(1, 'The Tragedy of Macbeth', 'macbeth', '', 'William Shakespeare', 'Macbeth'),
(2, 'The Tragedy of Othello', 'othello', '', 'William Shakespeare', 'Othello'),
(3, 'A Streetcar Named Desire', 'streetcar', '', 'Tennessee Williams', 'Streetcar'),
(4, 'A Christmas Carol', 'carol', '', 'Charles Dickens', 'Christmas Carol'),
(5, 'The Hobbit', 'hobbit', '', 'J. R. R. Tolkien', 'The Hobbit');

-- --------------------------------------------------------

--
-- Table structure for table `rows`
--

CREATE TABLE `rows` (
  `id` int(12) NOT NULL,
  `theater_id` int(12) NOT NULL,
  `section_id` int(12) NOT NULL,
  `code` varchar(3) NOT NULL
) ENGINE=InnoDB AUTO_INCREMENT=177 DEFAULT CHARSET=latin1;

--
-- Dumping data for table `rows`
--

INSERT INTO `rows` (`id`, `theater_id`, `section_id`, `code`) VALUES
(61, 1, 18, 'A'),
(62, 1, 18, 'B'),
(63, 1, 18, 'C'),
(64, 1, 18, 'D'),
(65, 1, 18, 'E'),
(66, 1, 18, 'F'),
(67, 1, 18, 'G'),
(76, 1, 20, 'B'),
(77, 1, 20, 'C'),
(78, 1, 20, 'D'),
(79, 1, 20, 'E'),
(80, 1, 20, 'F'),
(81, 1, 20, 'G'),
(83, 1, 21, 'B'),
(84, 1, 21, 'C'),
(85, 1, 21, 'D'),
(86, 1, 21, 'E'),
(87, 1, 21, 'F'),
(88, 1, 21, 'G'),
(89, 1, 22, 'A'),
(90, 1, 22, 'B'),
(91, 1, 22, 'C'),
(92, 1, 22, 'D'),
(93, 1, 22, 'E'),
(94, 1, 22, 'F'),
(95, 1, 22, 'G'),
(97, 1, 23, 'B'),
(98, 1, 23, 'C'),
(99, 1, 23, 'D'),
(100, 1, 23, 'E'),
(101, 1, 23, 'F'),
(102, 1, 23, 'G'),
(104, 1, 24, 'B'),
(105, 1, 24, 'C'),
(106, 1, 24, 'D'),
(107, 1, 24, 'E'),
(108, 1, 24, 'F'),
(109, 1, 24, 'G'),
(113, 1, 27, 'A'),
(114, 1, 27, 'B'),
(115, 1, 27, 'C'),
(116, 1, 28, 'A'),
(117, 1, 28, 'B'),
(118, 1, 28, 'C'),
(119, 1, 29, 'A'),
(120, 1, 29, 'B'),
(121, 1, 29, 'C'),
(122, 1, 30, 'A'),
(123, 1, 30, 'B'),
(124, 1, 30, 'C'),
(151, 2, 33, 'A'),
(152, 2, 33, 'B'),
(153, 2, 33, 'C'),
(154, 2, 33, 'D'),
(155, 2, 33, 'E'),
(156, 2, 33, 'F'),
(157, 2, 33, 'G'),
(158, 2, 33, 'H'),
(159, 2, 33, 'I'),
(160, 2, 33, 'J'),
(161, 2, 33, 'K'),
(162, 2, 33, 'L'),
(163, 2, 33, 'M'),
(164, 2, 33, 'N'),
(165, 2, 33, 'O'),
(166, 2, 33, 'P'),
(167, 2, 33, 'Q'),
(168, 2, 33, 'R'),
(169, 2, 33, 'S'),
(170, 2, 33, 'T'),
(171, 2, 34, 'A'),
(172, 2, 34, 'B'),
(173, 2, 34, 'C'),
(174, 2, 34, 'D'),
(175, 2, 34, 'E'),
(176, 2, 34, 'F');

-- --------------------------------------------------------

--
-- Table structure for table `seasons`
--

CREATE TABLE `seasons` (
  `id` int(12) NOT NULL,
  `name` varchar(128) NOT NULL,
  `start_time` int(12) NOT NULL,
  `end_time` int(12) NOT NULL,
  `ticket_price` double NOT NULL,
  `theater_id` int(12) NOT NULL,
  `about` text NOT NULL
) ENGINE=InnoDB AUTO_INCREMENT=7 DEFAULT CHARSET=latin1;

--
-- Dumping data for table `seasons`
--

INSERT INTO `seasons` (`id`, `name`, `start_time`, `end_time`, `ticket_price`, `theater_id`, `about`) VALUES
(1, 'Fantasy Playhouse 2016', 1451606400, 1483142400, 100, 1, ''),
(3, 'test', 1459468800, 1463097600, 100, 1, ''),
(4, 'Test2', 1459900800, 1461283200, 100, 1, ''),
(5, 'Concert Hall Season 2016', 1459987200, 1463702400, 100, 2, ''),
(6, 'Concert Hall Season 2015', 1420070400, 1451520000, 100, 2, '');

-- --------------------------------------------------------

--
-- Table structure for table `seats`
--

CREATE TABLE `seats` (
  `id` int(12) NOT NULL,
  `theater_id` int(12) NOT NULL,
  `section_id` int(12) NOT NULL,
  `row_id` int(12) NOT NULL,
  `code` varchar(3) NOT NULL,
  `price` double NOT NULL
) ENGINE=InnoDB AUTO_INCREMENT=3084 DEFAULT CHARSET=latin1;

--
-- Dumping data for table `seats`
--

INSERT INTO `seats` (`id`, `theater_id`, `section_id`, `row_id`, `code`, `price`) VALUES
(376, 1, 18, 61, '1', 10),
(377, 1, 18, 61, '2', 10),
(378, 1, 18, 62, '1', 10),
(379, 1, 18, 62, '2', 10),
(380, 1, 18, 63, '1', 10),
(381, 1, 18, 63, '2', 10),
(382, 1, 18, 64, '1', 10),
(383, 1, 18, 64, '2', 10),
(384, 1, 18, 65, '1', 10),
(385, 1, 18, 65, '2', 10),
(386, 1, 18, 66, '1', 10),
(387, 1, 18, 66, '2', 10),
(388, 1, 18, 67, '1', 10),
(389, 1, 18, 67, '2', 10),
(390, 1, 18, 62, '3', 10),
(391, 1, 18, 63, '3', 10),
(392, 1, 18, 64, '3', 10),
(393, 1, 18, 65, '3', 10),
(394, 1, 18, 66, '3', 10),
(395, 1, 18, 67, '3', 10),
(396, 1, 18, 63, '4', 10),
(397, 1, 18, 64, '4', 10),
(398, 1, 18, 65, '4', 10),
(399, 1, 18, 66, '4', 10),
(400, 1, 18, 67, '4', 10),
(402, 1, 18, 65, '5', 10),
(403, 1, 18, 66, '5', 10),
(404, 1, 18, 67, '5', 10),
(405, 1, 18, 66, '6', 10),
(406, 1, 18, 67, '6', 10),
(471, 1, 20, 76, '1', 10),
(472, 1, 20, 76, '2', 10),
(473, 1, 20, 76, '3', 10),
(474, 1, 20, 76, '4', 10),
(475, 1, 20, 76, '5', 10),
(476, 1, 20, 76, '6', 10),
(477, 1, 20, 76, '7', 10),
(478, 1, 20, 76, '8', 10),
(486, 1, 20, 77, '1', 10),
(487, 1, 20, 77, '2', 10),
(488, 1, 20, 77, '3', 10),
(489, 1, 20, 77, '4', 10),
(490, 1, 20, 77, '5', 10),
(491, 1, 20, 77, '6', 10),
(492, 1, 20, 77, '7', 10),
(493, 1, 20, 77, '8', 10),
(494, 1, 20, 77, '9', 10),
(501, 1, 20, 78, '1', 10),
(502, 1, 20, 78, '2', 10),
(503, 1, 20, 78, '3', 10),
(504, 1, 20, 78, '4', 10),
(505, 1, 20, 78, '5', 10),
(506, 1, 20, 78, '6', 10),
(507, 1, 20, 78, '7', 10),
(508, 1, 20, 78, '8', 10),
(509, 1, 20, 78, '9', 10),
(510, 1, 20, 78, '10', 10),
(511, 1, 20, 78, '11', 10),
(512, 1, 20, 78, '12', 10),
(516, 1, 20, 79, '1', 10),
(517, 1, 20, 79, '2', 10),
(518, 1, 20, 79, '3', 10),
(519, 1, 20, 79, '4', 10),
(520, 1, 20, 79, '5', 10),
(521, 1, 20, 79, '6', 10),
(522, 1, 20, 79, '7', 10),
(523, 1, 20, 79, '8', 10),
(524, 1, 20, 79, '9', 10),
(525, 1, 20, 79, '10', 10),
(526, 1, 20, 79, '11', 10),
(527, 1, 20, 79, '12', 10),
(528, 1, 20, 79, '13', 10),
(529, 1, 20, 79, '14', 10),
(531, 1, 20, 80, '1', 10),
(532, 1, 20, 80, '2', 10),
(533, 1, 20, 80, '3', 10),
(534, 1, 20, 80, '4', 10),
(535, 1, 20, 80, '5', 10),
(536, 1, 20, 80, '6', 10),
(537, 1, 20, 80, '7', 10),
(538, 1, 20, 80, '8', 10),
(539, 1, 20, 80, '9', 10),
(540, 1, 20, 80, '10', 10),
(541, 1, 20, 80, '11', 10),
(542, 1, 20, 80, '12', 10),
(543, 1, 20, 80, '13', 10),
(544, 1, 20, 80, '14', 10),
(545, 1, 20, 80, '15', 10),
(546, 1, 20, 81, '1', 10),
(547, 1, 20, 81, '2', 10),
(548, 1, 20, 81, '3', 10),
(549, 1, 20, 81, '4', 10),
(550, 1, 20, 81, '5', 10),
(551, 1, 20, 81, '6', 10),
(552, 1, 20, 81, '7', 10),
(553, 1, 20, 81, '8', 10),
(554, 1, 20, 81, '9', 10),
(555, 1, 20, 81, '10', 10),
(556, 1, 20, 81, '11', 10),
(557, 1, 20, 81, '12', 10),
(558, 1, 20, 81, '13', 10),
(559, 1, 20, 81, '14', 10),
(560, 1, 20, 81, '15', 10),
(561, 1, 20, 80, '16', 10),
(562, 1, 20, 80, '17', 10),
(563, 1, 20, 81, '16', 10),
(564, 1, 20, 81, '17', 10),
(565, 1, 20, 81, '18', 10),
(566, 1, 20, 81, '19', 10),
(567, 1, 20, 81, '20', 10),
(583, 1, 21, 83, '1', 10),
(584, 1, 21, 83, '2', 10),
(585, 1, 21, 83, '3', 10),
(586, 1, 21, 83, '4', 10),
(587, 1, 21, 83, '5', 10),
(588, 1, 21, 83, '6', 10),
(589, 1, 21, 83, '7', 10),
(590, 1, 21, 83, '8', 10),
(598, 1, 21, 84, '1', 10),
(599, 1, 21, 84, '2', 10),
(600, 1, 21, 84, '3', 10),
(601, 1, 21, 84, '4', 10),
(602, 1, 21, 84, '5', 10),
(603, 1, 21, 84, '6', 10),
(604, 1, 21, 84, '7', 10),
(605, 1, 21, 84, '8', 10),
(606, 1, 21, 84, '9', 10),
(613, 1, 21, 85, '1', 10),
(614, 1, 21, 85, '2', 10),
(615, 1, 21, 85, '3', 10),
(616, 1, 21, 85, '4', 10),
(617, 1, 21, 85, '5', 10),
(618, 1, 21, 85, '6', 10),
(619, 1, 21, 85, '7', 10),
(620, 1, 21, 85, '8', 10),
(621, 1, 21, 85, '9', 10),
(622, 1, 21, 85, '10', 10),
(623, 1, 21, 85, '11', 10),
(624, 1, 21, 85, '12', 10),
(628, 1, 21, 86, '1', 10),
(629, 1, 21, 86, '2', 10),
(630, 1, 21, 86, '3', 10),
(631, 1, 21, 86, '4', 10),
(632, 1, 21, 86, '5', 10),
(633, 1, 21, 86, '6', 10),
(634, 1, 21, 86, '7', 10),
(635, 1, 21, 86, '8', 10),
(636, 1, 21, 86, '9', 10),
(637, 1, 21, 86, '10', 10),
(638, 1, 21, 86, '11', 10),
(639, 1, 21, 86, '12', 10),
(640, 1, 21, 86, '13', 10),
(641, 1, 21, 86, '14', 10),
(643, 1, 21, 87, '1', 10),
(644, 1, 21, 87, '2', 10),
(645, 1, 21, 87, '3', 10),
(646, 1, 21, 87, '4', 10),
(647, 1, 21, 87, '5', 10),
(648, 1, 21, 87, '6', 10),
(649, 1, 21, 87, '7', 10),
(650, 1, 21, 87, '8', 10),
(651, 1, 21, 87, '9', 10),
(652, 1, 21, 87, '10', 10),
(653, 1, 21, 87, '11', 10),
(654, 1, 21, 87, '12', 10),
(655, 1, 21, 87, '13', 10),
(656, 1, 21, 87, '14', 10),
(657, 1, 21, 87, '15', 10),
(658, 1, 21, 88, '1', 10),
(659, 1, 21, 88, '2', 10),
(660, 1, 21, 88, '3', 10),
(661, 1, 21, 88, '4', 10),
(662, 1, 21, 88, '5', 10),
(663, 1, 21, 88, '6', 10),
(664, 1, 21, 88, '7', 10),
(665, 1, 21, 88, '8', 10),
(666, 1, 21, 88, '9', 10),
(667, 1, 21, 88, '10', 10),
(668, 1, 21, 88, '11', 10),
(669, 1, 21, 88, '12', 10),
(670, 1, 21, 88, '13', 10),
(671, 1, 21, 88, '14', 10),
(672, 1, 21, 88, '15', 10),
(673, 1, 21, 87, '16', 10),
(674, 1, 21, 87, '17', 10),
(675, 1, 21, 88, '16', 10),
(676, 1, 21, 88, '17', 10),
(677, 1, 21, 88, '18', 10),
(678, 1, 21, 88, '19', 10),
(679, 1, 21, 88, '20', 10),
(680, 1, 22, 89, '1', 10),
(681, 1, 22, 89, '2', 10),
(686, 1, 22, 90, '1', 10),
(687, 1, 22, 90, '2', 10),
(688, 1, 22, 90, '3', 10),
(692, 1, 22, 91, '1', 10),
(693, 1, 22, 91, '2', 10),
(694, 1, 22, 91, '3', 10),
(695, 1, 22, 91, '4', 10),
(698, 1, 22, 92, '1', 10),
(699, 1, 22, 92, '2', 10),
(700, 1, 22, 92, '3', 10),
(701, 1, 22, 92, '4', 10),
(704, 1, 22, 93, '1', 10),
(705, 1, 22, 93, '2', 10),
(706, 1, 22, 93, '3', 10),
(707, 1, 22, 93, '4', 10),
(708, 1, 22, 93, '5', 10),
(710, 1, 22, 94, '1', 10),
(711, 1, 22, 94, '2', 10),
(712, 1, 22, 94, '3', 10),
(713, 1, 22, 94, '4', 10),
(714, 1, 22, 94, '5', 10),
(715, 1, 22, 94, '6', 10),
(716, 1, 22, 95, '1', 10),
(717, 1, 22, 95, '2', 10),
(718, 1, 22, 95, '3', 10),
(719, 1, 22, 95, '4', 10),
(720, 1, 22, 95, '5', 10),
(721, 1, 22, 95, '6', 10),
(737, 1, 23, 97, '1', 10),
(738, 1, 23, 97, '2', 10),
(739, 1, 23, 97, '3', 10),
(740, 1, 23, 97, '4', 10),
(741, 1, 23, 97, '5', 10),
(742, 1, 23, 97, '6', 10),
(743, 1, 23, 97, '7', 10),
(744, 1, 23, 97, '8', 10),
(752, 1, 23, 98, '1', 10),
(753, 1, 23, 98, '2', 10),
(754, 1, 23, 98, '3', 10),
(755, 1, 23, 98, '4', 10),
(756, 1, 23, 98, '5', 10),
(757, 1, 23, 98, '6', 10),
(758, 1, 23, 98, '7', 10),
(759, 1, 23, 98, '8', 10),
(760, 1, 23, 98, '9', 10),
(767, 1, 23, 99, '1', 10),
(768, 1, 23, 99, '2', 10),
(769, 1, 23, 99, '3', 10),
(770, 1, 23, 99, '4', 10),
(771, 1, 23, 99, '5', 10),
(772, 1, 23, 99, '6', 10),
(773, 1, 23, 99, '7', 10),
(774, 1, 23, 99, '8', 10),
(775, 1, 23, 99, '9', 10),
(776, 1, 23, 99, '10', 10),
(777, 1, 23, 99, '11', 10),
(778, 1, 23, 99, '12', 10),
(782, 1, 23, 100, '1', 10),
(783, 1, 23, 100, '2', 10),
(784, 1, 23, 100, '3', 10),
(785, 1, 23, 100, '4', 10),
(786, 1, 23, 100, '5', 10),
(787, 1, 23, 100, '6', 10),
(788, 1, 23, 100, '7', 10),
(789, 1, 23, 100, '8', 10),
(790, 1, 23, 100, '9', 10),
(791, 1, 23, 100, '10', 10),
(792, 1, 23, 100, '11', 10),
(793, 1, 23, 100, '12', 10),
(794, 1, 23, 100, '13', 10),
(795, 1, 23, 100, '14', 10),
(797, 1, 23, 101, '1', 10),
(798, 1, 23, 101, '2', 10),
(799, 1, 23, 101, '3', 10),
(800, 1, 23, 101, '4', 10),
(801, 1, 23, 101, '5', 10),
(802, 1, 23, 101, '6', 10),
(803, 1, 23, 101, '7', 10),
(804, 1, 23, 101, '8', 10),
(805, 1, 23, 101, '9', 10),
(806, 1, 23, 101, '10', 10),
(807, 1, 23, 101, '11', 10),
(808, 1, 23, 101, '12', 10),
(809, 1, 23, 101, '13', 10),
(810, 1, 23, 101, '14', 10),
(811, 1, 23, 101, '15', 10),
(812, 1, 23, 102, '1', 10),
(813, 1, 23, 102, '2', 10),
(814, 1, 23, 102, '3', 10),
(815, 1, 23, 102, '4', 10),
(816, 1, 23, 102, '5', 10),
(817, 1, 23, 102, '6', 10),
(818, 1, 23, 102, '7', 10),
(819, 1, 23, 102, '8', 10),
(820, 1, 23, 102, '9', 10),
(821, 1, 23, 102, '10', 10),
(822, 1, 23, 102, '11', 10),
(823, 1, 23, 102, '12', 10),
(824, 1, 23, 102, '13', 10),
(825, 1, 23, 102, '14', 10),
(826, 1, 23, 102, '15', 10),
(842, 1, 24, 104, '1', 10),
(843, 1, 24, 104, '2', 10),
(844, 1, 24, 104, '3', 10),
(845, 1, 24, 104, '4', 10),
(846, 1, 24, 104, '5', 10),
(847, 1, 24, 104, '6', 10),
(848, 1, 24, 104, '7', 10),
(849, 1, 24, 104, '8', 10),
(857, 1, 24, 105, '1', 10),
(858, 1, 24, 105, '2', 10),
(859, 1, 24, 105, '3', 10),
(860, 1, 24, 105, '4', 10),
(861, 1, 24, 105, '5', 10),
(862, 1, 24, 105, '6', 10),
(863, 1, 24, 105, '7', 10),
(864, 1, 24, 105, '8', 10),
(865, 1, 24, 105, '9', 10),
(872, 1, 24, 106, '1', 10),
(873, 1, 24, 106, '2', 10),
(874, 1, 24, 106, '3', 10),
(875, 1, 24, 106, '4', 10),
(876, 1, 24, 106, '5', 10),
(877, 1, 24, 106, '6', 10),
(878, 1, 24, 106, '7', 10),
(879, 1, 24, 106, '8', 10),
(880, 1, 24, 106, '9', 10),
(881, 1, 24, 106, '10', 10),
(882, 1, 24, 106, '11', 10),
(883, 1, 24, 106, '12', 10),
(887, 1, 24, 107, '1', 10),
(888, 1, 24, 107, '2', 10),
(889, 1, 24, 107, '3', 10),
(890, 1, 24, 107, '4', 10),
(891, 1, 24, 107, '5', 10),
(892, 1, 24, 107, '6', 10),
(893, 1, 24, 107, '7', 10),
(894, 1, 24, 107, '8', 10),
(895, 1, 24, 107, '9', 10),
(896, 1, 24, 107, '10', 10),
(897, 1, 24, 107, '11', 10),
(898, 1, 24, 107, '12', 10),
(899, 1, 24, 107, '13', 10),
(900, 1, 24, 107, '14', 10),
(902, 1, 24, 108, '1', 10),
(903, 1, 24, 108, '2', 10),
(904, 1, 24, 108, '3', 10),
(905, 1, 24, 108, '4', 10),
(906, 1, 24, 108, '5', 10),
(907, 1, 24, 108, '6', 10),
(908, 1, 24, 108, '7', 10),
(909, 1, 24, 108, '8', 10),
(910, 1, 24, 108, '9', 10),
(911, 1, 24, 108, '10', 10),
(912, 1, 24, 108, '11', 10),
(913, 1, 24, 108, '12', 10),
(914, 1, 24, 108, '13', 10),
(915, 1, 24, 108, '14', 10),
(916, 1, 24, 108, '15', 10),
(917, 1, 24, 109, '1', 10),
(918, 1, 24, 109, '2', 10),
(919, 1, 24, 109, '3', 10),
(920, 1, 24, 109, '4', 10),
(921, 1, 24, 109, '5', 10),
(922, 1, 24, 109, '6', 10),
(923, 1, 24, 109, '7', 10),
(924, 1, 24, 109, '8', 10),
(925, 1, 24, 109, '9', 10),
(926, 1, 24, 109, '10', 10),
(927, 1, 24, 109, '11', 10),
(928, 1, 24, 109, '12', 10),
(929, 1, 24, 109, '13', 10),
(930, 1, 24, 109, '14', 10),
(931, 1, 24, 109, '15', 10),
(932, 1, 23, 101, '16', 10),
(933, 1, 23, 101, '17', 10),
(937, 1, 23, 102, '16', 10),
(938, 1, 23, 102, '17', 10),
(939, 1, 23, 102, '18', 10),
(940, 1, 23, 102, '19', 10),
(941, 1, 23, 102, '20', 10),
(942, 1, 24, 108, '16', 10),
(943, 1, 24, 108, '17', 10),
(944, 1, 24, 109, '16', 10),
(945, 1, 24, 109, '17', 10),
(946, 1, 24, 109, '18', 10),
(947, 1, 24, 109, '19', 10),
(948, 1, 24, 109, '20', 10),
(974, 1, 27, 113, '1', 10),
(975, 1, 27, 113, '2', 10),
(976, 1, 27, 113, '3', 10),
(977, 1, 27, 113, '4', 10),
(978, 1, 27, 113, '5', 10),
(979, 1, 27, 114, '1', 10),
(980, 1, 27, 114, '2', 10),
(981, 1, 27, 114, '3', 10),
(982, 1, 27, 114, '4', 10),
(983, 1, 27, 114, '5', 10),
(984, 1, 27, 115, '1', 10),
(985, 1, 27, 115, '2', 10),
(986, 1, 27, 115, '3', 10),
(987, 1, 27, 115, '4', 10),
(989, 1, 27, 113, '6', 10),
(990, 1, 27, 113, '7', 10),
(991, 1, 28, 116, '1', 10),
(992, 1, 28, 116, '2', 10),
(993, 1, 28, 116, '3', 10),
(994, 1, 28, 116, '4', 10),
(995, 1, 28, 116, '5', 10),
(996, 1, 28, 116, '6', 10),
(997, 1, 28, 116, '7', 10),
(998, 1, 28, 116, '8', 10),
(999, 1, 28, 116, '9', 10),
(1000, 1, 28, 116, '10', 10),
(1003, 1, 28, 117, '1', 10),
(1004, 1, 28, 117, '2', 10),
(1005, 1, 28, 117, '3', 10),
(1006, 1, 28, 117, '4', 10),
(1007, 1, 28, 117, '5', 10),
(1008, 1, 28, 117, '6', 10),
(1009, 1, 28, 117, '7', 10),
(1010, 1, 28, 117, '8', 10),
(1011, 1, 28, 117, '9', 10),
(1012, 1, 28, 117, '10', 10),
(1013, 1, 28, 117, '11', 10),
(1014, 1, 28, 117, '12', 10),
(1015, 1, 28, 118, '1', 10),
(1016, 1, 28, 118, '2', 10),
(1017, 1, 28, 118, '3', 10),
(1018, 1, 28, 118, '4', 10),
(1019, 1, 28, 118, '5', 10),
(1020, 1, 28, 118, '6', 10),
(1021, 1, 28, 118, '7', 10),
(1022, 1, 28, 118, '8', 10),
(1023, 1, 28, 118, '9', 10),
(1024, 1, 28, 118, '10', 10),
(1025, 1, 28, 118, '11', 10),
(1026, 1, 28, 118, '12', 10),
(1027, 1, 28, 118, '13', 10),
(1028, 1, 28, 118, '14', 10),
(1029, 1, 29, 119, '1', 10),
(1030, 1, 29, 119, '2', 10),
(1031, 1, 29, 119, '3', 10),
(1032, 1, 29, 119, '4', 10),
(1033, 1, 29, 119, '5', 10),
(1034, 1, 29, 119, '6', 10),
(1035, 1, 29, 119, '7', 10),
(1036, 1, 29, 119, '8', 10),
(1037, 1, 29, 119, '9', 10),
(1038, 1, 29, 119, '10', 10),
(1041, 1, 29, 120, '1', 10),
(1042, 1, 29, 120, '2', 10),
(1043, 1, 29, 120, '3', 10),
(1044, 1, 29, 120, '4', 10),
(1045, 1, 29, 120, '5', 10),
(1046, 1, 29, 120, '6', 10),
(1047, 1, 29, 120, '7', 10),
(1048, 1, 29, 120, '8', 10),
(1049, 1, 29, 120, '9', 10),
(1050, 1, 29, 120, '10', 10),
(1051, 1, 29, 120, '11', 10),
(1052, 1, 29, 120, '12', 10),
(1053, 1, 29, 121, '1', 10),
(1054, 1, 29, 121, '2', 10),
(1055, 1, 29, 121, '3', 10),
(1056, 1, 29, 121, '4', 10),
(1057, 1, 29, 121, '5', 10),
(1058, 1, 29, 121, '6', 10),
(1059, 1, 29, 121, '7', 10),
(1060, 1, 29, 121, '8', 10),
(1061, 1, 29, 121, '9', 10),
(1062, 1, 29, 121, '10', 10),
(1063, 1, 29, 121, '11', 10),
(1064, 1, 29, 121, '12', 10),
(1065, 1, 29, 121, '13', 10),
(1066, 1, 29, 121, '14', 10),
(1067, 1, 30, 122, '1', 10),
(1068, 1, 30, 122, '2', 10),
(1069, 1, 30, 122, '3', 10),
(1070, 1, 30, 122, '4', 10),
(1071, 1, 30, 122, '5', 10),
(1072, 1, 30, 122, '6', 10),
(1073, 1, 30, 123, '1', 10),
(1074, 1, 30, 123, '2', 10),
(1075, 1, 30, 123, '3', 10),
(1076, 1, 30, 123, '4', 10),
(1077, 1, 30, 123, '5', 10),
(1078, 1, 30, 123, '6', 10),
(1079, 1, 30, 124, '1', 10),
(1080, 1, 30, 124, '2', 10),
(1081, 1, 30, 124, '3', 10),
(1082, 1, 30, 124, '4', 10),
(1083, 1, 30, 124, '5', 10),
(1084, 1, 30, 124, '6', 10),
(1085, 1, 30, 122, '7', 10),
(2434, 2, 33, 151, '1', 10),
(2435, 2, 33, 151, '2', 10),
(2436, 2, 33, 151, '3', 10),
(2437, 2, 33, 151, '4', 10),
(2438, 2, 33, 151, '5', 10),
(2439, 2, 33, 151, '6', 10),
(2440, 2, 33, 151, '7', 10),
(2441, 2, 33, 151, '8', 10),
(2442, 2, 33, 151, '9', 10),
(2443, 2, 33, 151, '10', 10),
(2444, 2, 33, 151, '11', 10),
(2445, 2, 33, 151, '12', 10),
(2446, 2, 33, 151, '13', 10),
(2447, 2, 33, 151, '14', 10),
(2448, 2, 33, 151, '15', 10),
(2449, 2, 33, 151, '16', 10),
(2450, 2, 33, 151, '17', 10),
(2451, 2, 33, 151, '18', 10),
(2452, 2, 33, 151, '19', 10),
(2453, 2, 33, 151, '20', 10),
(2454, 2, 33, 151, '21', 10),
(2455, 2, 33, 151, '22', 10),
(2456, 2, 33, 151, '23', 10),
(2457, 2, 33, 151, '24', 10),
(2458, 2, 33, 151, '25', 10),
(2459, 2, 33, 152, '1', 10),
(2460, 2, 33, 152, '2', 10),
(2461, 2, 33, 152, '3', 10),
(2462, 2, 33, 152, '4', 10),
(2463, 2, 33, 152, '5', 10),
(2464, 2, 33, 152, '6', 10),
(2465, 2, 33, 152, '7', 10),
(2466, 2, 33, 152, '8', 10),
(2467, 2, 33, 152, '9', 10),
(2468, 2, 33, 152, '10', 10),
(2469, 2, 33, 152, '11', 10),
(2470, 2, 33, 152, '12', 10),
(2471, 2, 33, 152, '13', 10),
(2472, 2, 33, 152, '14', 10),
(2473, 2, 33, 152, '15', 10),
(2474, 2, 33, 152, '16', 10),
(2475, 2, 33, 152, '17', 10),
(2476, 2, 33, 152, '18', 10),
(2477, 2, 33, 152, '19', 10),
(2478, 2, 33, 152, '20', 10),
(2479, 2, 33, 152, '21', 10),
(2480, 2, 33, 152, '22', 10),
(2481, 2, 33, 152, '23', 10),
(2482, 2, 33, 152, '24', 10),
(2483, 2, 33, 152, '25', 10),
(2484, 2, 33, 153, '1', 10),
(2485, 2, 33, 153, '2', 10),
(2486, 2, 33, 153, '3', 10),
(2487, 2, 33, 153, '4', 10),
(2488, 2, 33, 153, '5', 10),
(2489, 2, 33, 153, '6', 10),
(2490, 2, 33, 153, '7', 10),
(2491, 2, 33, 153, '8', 10),
(2492, 2, 33, 153, '9', 10),
(2493, 2, 33, 153, '10', 10),
(2494, 2, 33, 153, '11', 10),
(2495, 2, 33, 153, '12', 10),
(2496, 2, 33, 153, '13', 10),
(2497, 2, 33, 153, '14', 10),
(2498, 2, 33, 153, '15', 10),
(2499, 2, 33, 153, '16', 10),
(2500, 2, 33, 153, '17', 10),
(2501, 2, 33, 153, '18', 10),
(2502, 2, 33, 153, '19', 10),
(2503, 2, 33, 153, '20', 10),
(2504, 2, 33, 153, '21', 10),
(2505, 2, 33, 153, '22', 10),
(2506, 2, 33, 153, '23', 10),
(2507, 2, 33, 153, '24', 10),
(2508, 2, 33, 153, '25', 10),
(2509, 2, 33, 154, '1', 10),
(2510, 2, 33, 154, '2', 10),
(2511, 2, 33, 154, '3', 10),
(2512, 2, 33, 154, '4', 10),
(2513, 2, 33, 154, '5', 10),
(2514, 2, 33, 154, '6', 10),
(2515, 2, 33, 154, '7', 10),
(2516, 2, 33, 154, '8', 10),
(2517, 2, 33, 154, '9', 10),
(2518, 2, 33, 154, '10', 10),
(2519, 2, 33, 154, '11', 10),
(2520, 2, 33, 154, '12', 10),
(2521, 2, 33, 154, '13', 10),
(2522, 2, 33, 154, '14', 10),
(2523, 2, 33, 154, '15', 10),
(2524, 2, 33, 154, '16', 10),
(2525, 2, 33, 154, '17', 10),
(2526, 2, 33, 154, '18', 10),
(2527, 2, 33, 154, '19', 10),
(2528, 2, 33, 154, '20', 10),
(2529, 2, 33, 154, '21', 10),
(2530, 2, 33, 154, '22', 10),
(2531, 2, 33, 154, '23', 10),
(2532, 2, 33, 154, '24', 10),
(2533, 2, 33, 154, '25', 10),
(2534, 2, 33, 155, '1', 10),
(2535, 2, 33, 155, '2', 10),
(2536, 2, 33, 155, '3', 10),
(2537, 2, 33, 155, '4', 10),
(2538, 2, 33, 155, '5', 10),
(2539, 2, 33, 155, '6', 10),
(2540, 2, 33, 155, '7', 10),
(2541, 2, 33, 155, '8', 10),
(2542, 2, 33, 155, '9', 10),
(2543, 2, 33, 155, '10', 10),
(2544, 2, 33, 155, '11', 10),
(2545, 2, 33, 155, '12', 10),
(2546, 2, 33, 155, '13', 10),
(2547, 2, 33, 155, '14', 10),
(2548, 2, 33, 155, '15', 10),
(2549, 2, 33, 155, '16', 10),
(2550, 2, 33, 155, '17', 10),
(2551, 2, 33, 155, '18', 10),
(2552, 2, 33, 155, '19', 10),
(2553, 2, 33, 155, '20', 10),
(2554, 2, 33, 155, '21', 10),
(2555, 2, 33, 155, '22', 10),
(2556, 2, 33, 155, '23', 10),
(2557, 2, 33, 155, '24', 10),
(2558, 2, 33, 155, '25', 10),
(2559, 2, 33, 156, '1', 10),
(2560, 2, 33, 156, '2', 10),
(2561, 2, 33, 156, '3', 10),
(2562, 2, 33, 156, '4', 10),
(2563, 2, 33, 156, '5', 10),
(2564, 2, 33, 156, '6', 10),
(2565, 2, 33, 156, '7', 10),
(2566, 2, 33, 156, '8', 10),
(2567, 2, 33, 156, '9', 10),
(2568, 2, 33, 156, '10', 10),
(2569, 2, 33, 156, '11', 10),
(2570, 2, 33, 156, '12', 10),
(2571, 2, 33, 156, '13', 10),
(2572, 2, 33, 156, '14', 10),
(2573, 2, 33, 156, '15', 10),
(2574, 2, 33, 156, '16', 10),
(2575, 2, 33, 156, '17', 10),
(2576, 2, 33, 156, '18', 10),
(2577, 2, 33, 156, '19', 10),
(2578, 2, 33, 156, '20', 10),
(2579, 2, 33, 156, '21', 10),
(2580, 2, 33, 156, '22', 10),
(2581, 2, 33, 156, '23', 10),
(2582, 2, 33, 156, '24', 10),
(2583, 2, 33, 156, '25', 10),
(2584, 2, 33, 157, '1', 10),
(2585, 2, 33, 157, '2', 10),
(2586, 2, 33, 157, '3', 10),
(2587, 2, 33, 157, '4', 10),
(2588, 2, 33, 157, '5', 10),
(2589, 2, 33, 157, '6', 10),
(2590, 2, 33, 157, '7', 10),
(2591, 2, 33, 157, '8', 10),
(2592, 2, 33, 157, '9', 10),
(2593, 2, 33, 157, '10', 10),
(2594, 2, 33, 157, '11', 10),
(2595, 2, 33, 157, '12', 10),
(2596, 2, 33, 157, '13', 10),
(2597, 2, 33, 157, '14', 10),
(2598, 2, 33, 157, '15', 10),
(2599, 2, 33, 157, '16', 10),
(2600, 2, 33, 157, '17', 10),
(2601, 2, 33, 157, '18', 10),
(2602, 2, 33, 157, '19', 10),
(2603, 2, 33, 157, '20', 10),
(2604, 2, 33, 157, '21', 10),
(2605, 2, 33, 157, '22', 10),
(2606, 2, 33, 157, '23', 10),
(2607, 2, 33, 157, '24', 10),
(2608, 2, 33, 157, '25', 10),
(2609, 2, 33, 158, '1', 10),
(2610, 2, 33, 158, '2', 10),
(2611, 2, 33, 158, '3', 10),
(2612, 2, 33, 158, '4', 10),
(2613, 2, 33, 158, '5', 10),
(2614, 2, 33, 158, '6', 10),
(2615, 2, 33, 158, '7', 10),
(2616, 2, 33, 158, '8', 10),
(2617, 2, 33, 158, '9', 10),
(2618, 2, 33, 158, '10', 10),
(2619, 2, 33, 158, '11', 10),
(2620, 2, 33, 158, '12', 10),
(2621, 2, 33, 158, '13', 10),
(2622, 2, 33, 158, '14', 10),
(2623, 2, 33, 158, '15', 10),
(2624, 2, 33, 158, '16', 10),
(2625, 2, 33, 158, '17', 10),
(2626, 2, 33, 158, '18', 10),
(2627, 2, 33, 158, '19', 10),
(2628, 2, 33, 158, '20', 10),
(2629, 2, 33, 158, '21', 10),
(2630, 2, 33, 158, '22', 10),
(2631, 2, 33, 158, '23', 10),
(2632, 2, 33, 158, '24', 10),
(2633, 2, 33, 158, '25', 10),
(2634, 2, 33, 159, '1', 10),
(2635, 2, 33, 159, '2', 10),
(2636, 2, 33, 159, '3', 10),
(2637, 2, 33, 159, '4', 10),
(2638, 2, 33, 159, '5', 10),
(2639, 2, 33, 159, '6', 10),
(2640, 2, 33, 159, '7', 10),
(2641, 2, 33, 159, '8', 10),
(2642, 2, 33, 159, '9', 10),
(2643, 2, 33, 159, '10', 10),
(2644, 2, 33, 159, '11', 10),
(2645, 2, 33, 159, '12', 10),
(2646, 2, 33, 159, '13', 10),
(2647, 2, 33, 159, '14', 10),
(2648, 2, 33, 159, '15', 10),
(2649, 2, 33, 159, '16', 10),
(2650, 2, 33, 159, '17', 10),
(2651, 2, 33, 159, '18', 10),
(2652, 2, 33, 159, '19', 10),
(2653, 2, 33, 159, '20', 10),
(2654, 2, 33, 159, '21', 10),
(2655, 2, 33, 159, '22', 10),
(2656, 2, 33, 159, '23', 10),
(2657, 2, 33, 159, '24', 10),
(2658, 2, 33, 159, '25', 10),
(2659, 2, 33, 160, '1', 10),
(2660, 2, 33, 160, '2', 10),
(2661, 2, 33, 160, '3', 10),
(2662, 2, 33, 160, '4', 10),
(2663, 2, 33, 160, '5', 10),
(2664, 2, 33, 160, '6', 10),
(2665, 2, 33, 160, '7', 10),
(2666, 2, 33, 160, '8', 10),
(2667, 2, 33, 160, '9', 10),
(2668, 2, 33, 160, '10', 10),
(2669, 2, 33, 160, '11', 10),
(2670, 2, 33, 160, '12', 10),
(2671, 2, 33, 160, '13', 10),
(2672, 2, 33, 160, '14', 10),
(2673, 2, 33, 160, '15', 10),
(2674, 2, 33, 160, '16', 10),
(2675, 2, 33, 160, '17', 10),
(2676, 2, 33, 160, '18', 10),
(2677, 2, 33, 160, '19', 10),
(2678, 2, 33, 160, '20', 10),
(2679, 2, 33, 160, '21', 10),
(2680, 2, 33, 160, '22', 10),
(2681, 2, 33, 160, '23', 10),
(2682, 2, 33, 160, '24', 10),
(2683, 2, 33, 160, '25', 10),
(2684, 2, 33, 161, '1', 10),
(2685, 2, 33, 161, '2', 10),
(2686, 2, 33, 161, '3', 10),
(2687, 2, 33, 161, '4', 10),
(2688, 2, 33, 161, '5', 10),
(2689, 2, 33, 161, '6', 10),
(2690, 2, 33, 161, '7', 10),
(2691, 2, 33, 161, '8', 10),
(2692, 2, 33, 161, '9', 10),
(2693, 2, 33, 161, '10', 10),
(2694, 2, 33, 161, '11', 10),
(2695, 2, 33, 161, '12', 10),
(2696, 2, 33, 161, '13', 10),
(2697, 2, 33, 161, '14', 10),
(2698, 2, 33, 161, '15', 10),
(2699, 2, 33, 161, '16', 10),
(2700, 2, 33, 161, '17', 10),
(2701, 2, 33, 161, '18', 10),
(2702, 2, 33, 161, '19', 10),
(2703, 2, 33, 161, '20', 10),
(2704, 2, 33, 161, '21', 10),
(2705, 2, 33, 161, '22', 10),
(2706, 2, 33, 161, '23', 10),
(2707, 2, 33, 161, '24', 10),
(2708, 2, 33, 161, '25', 10),
(2709, 2, 33, 162, '1', 10),
(2710, 2, 33, 162, '2', 10),
(2711, 2, 33, 162, '3', 10),
(2712, 2, 33, 162, '4', 10),
(2713, 2, 33, 162, '5', 10),
(2714, 2, 33, 162, '6', 10),
(2715, 2, 33, 162, '7', 10),
(2716, 2, 33, 162, '8', 10),
(2717, 2, 33, 162, '9', 10),
(2718, 2, 33, 162, '10', 10),
(2719, 2, 33, 162, '11', 10),
(2720, 2, 33, 162, '12', 10),
(2721, 2, 33, 162, '13', 10),
(2722, 2, 33, 162, '14', 10),
(2723, 2, 33, 162, '15', 10),
(2724, 2, 33, 162, '16', 10),
(2725, 2, 33, 162, '17', 10),
(2726, 2, 33, 162, '18', 10),
(2727, 2, 33, 162, '19', 10),
(2728, 2, 33, 162, '20', 10),
(2729, 2, 33, 162, '21', 10),
(2730, 2, 33, 162, '22', 10),
(2731, 2, 33, 162, '23', 10),
(2732, 2, 33, 162, '24', 10),
(2733, 2, 33, 162, '25', 10),
(2734, 2, 33, 163, '1', 10),
(2735, 2, 33, 163, '2', 10),
(2736, 2, 33, 163, '3', 10),
(2737, 2, 33, 163, '4', 10),
(2738, 2, 33, 163, '5', 10),
(2739, 2, 33, 163, '6', 10),
(2740, 2, 33, 163, '7', 10),
(2741, 2, 33, 163, '8', 10),
(2742, 2, 33, 163, '9', 10),
(2743, 2, 33, 163, '10', 10),
(2744, 2, 33, 163, '11', 10),
(2745, 2, 33, 163, '12', 10),
(2746, 2, 33, 163, '13', 10),
(2747, 2, 33, 163, '14', 10),
(2748, 2, 33, 163, '15', 10),
(2749, 2, 33, 163, '16', 10),
(2750, 2, 33, 163, '17', 10),
(2751, 2, 33, 163, '18', 10),
(2752, 2, 33, 163, '19', 10),
(2753, 2, 33, 163, '20', 10),
(2754, 2, 33, 163, '21', 10),
(2755, 2, 33, 163, '22', 10),
(2756, 2, 33, 163, '23', 10),
(2757, 2, 33, 163, '24', 10),
(2758, 2, 33, 163, '25', 10),
(2759, 2, 33, 164, '1', 10),
(2760, 2, 33, 164, '2', 10),
(2761, 2, 33, 164, '3', 10),
(2762, 2, 33, 164, '4', 10),
(2763, 2, 33, 164, '5', 10),
(2764, 2, 33, 164, '6', 10),
(2765, 2, 33, 164, '7', 10),
(2766, 2, 33, 164, '8', 10),
(2767, 2, 33, 164, '9', 10),
(2768, 2, 33, 164, '10', 10),
(2769, 2, 33, 164, '11', 10),
(2770, 2, 33, 164, '12', 10),
(2771, 2, 33, 164, '13', 10),
(2772, 2, 33, 164, '14', 10),
(2773, 2, 33, 164, '15', 10),
(2774, 2, 33, 164, '16', 10),
(2775, 2, 33, 164, '17', 10),
(2776, 2, 33, 164, '18', 10),
(2777, 2, 33, 164, '19', 10),
(2778, 2, 33, 164, '20', 10),
(2779, 2, 33, 164, '21', 10),
(2780, 2, 33, 164, '22', 10),
(2781, 2, 33, 164, '23', 10),
(2782, 2, 33, 164, '24', 10),
(2783, 2, 33, 164, '25', 10),
(2784, 2, 33, 165, '1', 10),
(2785, 2, 33, 165, '2', 10),
(2786, 2, 33, 165, '3', 10),
(2787, 2, 33, 165, '4', 10),
(2788, 2, 33, 165, '5', 10),
(2789, 2, 33, 165, '6', 10),
(2790, 2, 33, 165, '7', 10),
(2791, 2, 33, 165, '8', 10),
(2792, 2, 33, 165, '9', 10),
(2793, 2, 33, 165, '10', 10),
(2794, 2, 33, 165, '11', 10),
(2795, 2, 33, 165, '12', 10),
(2796, 2, 33, 165, '13', 10),
(2797, 2, 33, 165, '14', 10),
(2798, 2, 33, 165, '15', 10),
(2799, 2, 33, 165, '16', 10),
(2800, 2, 33, 165, '17', 10),
(2801, 2, 33, 165, '18', 10),
(2802, 2, 33, 165, '19', 10),
(2803, 2, 33, 165, '20', 10),
(2804, 2, 33, 165, '21', 10),
(2805, 2, 33, 165, '22', 10),
(2806, 2, 33, 165, '23', 10),
(2807, 2, 33, 165, '24', 10),
(2808, 2, 33, 165, '25', 10),
(2809, 2, 33, 166, '1', 10),
(2810, 2, 33, 166, '2', 10),
(2811, 2, 33, 166, '3', 10),
(2812, 2, 33, 166, '4', 10),
(2813, 2, 33, 166, '5', 10),
(2814, 2, 33, 166, '6', 10),
(2815, 2, 33, 166, '7', 10),
(2816, 2, 33, 166, '8', 10),
(2817, 2, 33, 166, '9', 10),
(2818, 2, 33, 166, '10', 10),
(2819, 2, 33, 166, '11', 10),
(2820, 2, 33, 166, '12', 10),
(2821, 2, 33, 166, '13', 10),
(2822, 2, 33, 166, '14', 10),
(2823, 2, 33, 166, '15', 10),
(2824, 2, 33, 166, '16', 10),
(2825, 2, 33, 166, '17', 10),
(2826, 2, 33, 166, '18', 10),
(2827, 2, 33, 166, '19', 10),
(2828, 2, 33, 166, '20', 10),
(2829, 2, 33, 166, '21', 10),
(2830, 2, 33, 166, '22', 10),
(2831, 2, 33, 166, '23', 10),
(2832, 2, 33, 166, '24', 10),
(2833, 2, 33, 166, '25', 10),
(2834, 2, 33, 167, '1', 10),
(2835, 2, 33, 167, '2', 10),
(2836, 2, 33, 167, '3', 10),
(2837, 2, 33, 167, '4', 10),
(2838, 2, 33, 167, '5', 10),
(2839, 2, 33, 167, '6', 10),
(2840, 2, 33, 167, '7', 10),
(2841, 2, 33, 167, '8', 10),
(2842, 2, 33, 167, '9', 10),
(2843, 2, 33, 167, '10', 10),
(2844, 2, 33, 167, '11', 10),
(2845, 2, 33, 167, '12', 10),
(2846, 2, 33, 167, '13', 10),
(2847, 2, 33, 167, '14', 10),
(2848, 2, 33, 167, '15', 10),
(2849, 2, 33, 167, '16', 10),
(2850, 2, 33, 167, '17', 10),
(2851, 2, 33, 167, '18', 10),
(2852, 2, 33, 167, '19', 10),
(2853, 2, 33, 167, '20', 10),
(2854, 2, 33, 167, '21', 10),
(2855, 2, 33, 167, '22', 10),
(2856, 2, 33, 167, '23', 10),
(2857, 2, 33, 167, '24', 10),
(2858, 2, 33, 167, '25', 10),
(2859, 2, 33, 168, '1', 10),
(2860, 2, 33, 168, '2', 10),
(2861, 2, 33, 168, '3', 10),
(2862, 2, 33, 168, '4', 10),
(2863, 2, 33, 168, '5', 10),
(2864, 2, 33, 168, '6', 10),
(2865, 2, 33, 168, '7', 10),
(2866, 2, 33, 168, '8', 10),
(2867, 2, 33, 168, '9', 10),
(2868, 2, 33, 168, '10', 10),
(2869, 2, 33, 168, '11', 10),
(2870, 2, 33, 168, '12', 10),
(2871, 2, 33, 168, '13', 10),
(2872, 2, 33, 168, '14', 10),
(2873, 2, 33, 168, '15', 10),
(2874, 2, 33, 168, '16', 10),
(2875, 2, 33, 168, '17', 10),
(2876, 2, 33, 168, '18', 10),
(2877, 2, 33, 168, '19', 10),
(2878, 2, 33, 168, '20', 10),
(2879, 2, 33, 168, '21', 10),
(2880, 2, 33, 168, '22', 10),
(2881, 2, 33, 168, '23', 10),
(2882, 2, 33, 168, '24', 10),
(2883, 2, 33, 168, '25', 10),
(2884, 2, 33, 169, '1', 10),
(2885, 2, 33, 169, '2', 10),
(2886, 2, 33, 169, '3', 10),
(2887, 2, 33, 169, '4', 10),
(2888, 2, 33, 169, '5', 10),
(2889, 2, 33, 169, '6', 10),
(2890, 2, 33, 169, '7', 10),
(2891, 2, 33, 169, '8', 10),
(2892, 2, 33, 169, '9', 10),
(2893, 2, 33, 169, '10', 10),
(2894, 2, 33, 169, '11', 10),
(2895, 2, 33, 169, '12', 10),
(2896, 2, 33, 169, '13', 10),
(2897, 2, 33, 169, '14', 10),
(2898, 2, 33, 169, '15', 10),
(2899, 2, 33, 169, '16', 10),
(2900, 2, 33, 169, '17', 10),
(2901, 2, 33, 169, '18', 10),
(2902, 2, 33, 169, '19', 10),
(2903, 2, 33, 169, '20', 10),
(2904, 2, 33, 169, '21', 10),
(2905, 2, 33, 169, '22', 10),
(2906, 2, 33, 169, '23', 10),
(2907, 2, 33, 169, '24', 10),
(2908, 2, 33, 169, '25', 10),
(2909, 2, 33, 170, '1', 10),
(2910, 2, 33, 170, '2', 10),
(2911, 2, 33, 170, '3', 10),
(2912, 2, 33, 170, '4', 10),
(2913, 2, 33, 170, '5', 10),
(2914, 2, 33, 170, '6', 10),
(2915, 2, 33, 170, '7', 10),
(2916, 2, 33, 170, '8', 10),
(2917, 2, 33, 170, '9', 10),
(2918, 2, 33, 170, '10', 10),
(2919, 2, 33, 170, '11', 10),
(2920, 2, 33, 170, '12', 10),
(2921, 2, 33, 170, '13', 10),
(2922, 2, 33, 170, '14', 10),
(2923, 2, 33, 170, '15', 10),
(2924, 2, 33, 170, '16', 10),
(2925, 2, 33, 170, '17', 10),
(2926, 2, 33, 170, '18', 10),
(2927, 2, 33, 170, '19', 10),
(2928, 2, 33, 170, '20', 10),
(2929, 2, 33, 170, '21', 10),
(2930, 2, 33, 170, '22', 10),
(2931, 2, 33, 170, '23', 10),
(2932, 2, 33, 170, '24', 10),
(2933, 2, 33, 170, '25', 10),
(2934, 2, 34, 171, '1', 10),
(2935, 2, 34, 171, '2', 10),
(2936, 2, 34, 171, '3', 10),
(2937, 2, 34, 171, '4', 10),
(2938, 2, 34, 171, '5', 10),
(2939, 2, 34, 171, '6', 10),
(2940, 2, 34, 171, '7', 10),
(2941, 2, 34, 171, '8', 10),
(2942, 2, 34, 171, '9', 10),
(2943, 2, 34, 171, '10', 10),
(2944, 2, 34, 171, '11', 10),
(2945, 2, 34, 171, '12', 10),
(2946, 2, 34, 171, '13', 10),
(2947, 2, 34, 171, '14', 10),
(2948, 2, 34, 171, '15', 10),
(2949, 2, 34, 171, '16', 10),
(2950, 2, 34, 171, '17', 10),
(2951, 2, 34, 171, '18', 10),
(2952, 2, 34, 171, '19', 10),
(2953, 2, 34, 171, '20', 10),
(2954, 2, 34, 171, '21', 10),
(2955, 2, 34, 171, '22', 10),
(2956, 2, 34, 171, '23', 10),
(2957, 2, 34, 171, '24', 10),
(2958, 2, 34, 171, '25', 10),
(2959, 2, 34, 172, '1', 10),
(2960, 2, 34, 172, '2', 10),
(2961, 2, 34, 172, '3', 10),
(2962, 2, 34, 172, '4', 10),
(2963, 2, 34, 172, '5', 10),
(2964, 2, 34, 172, '6', 10),
(2965, 2, 34, 172, '7', 10),
(2966, 2, 34, 172, '8', 10),
(2967, 2, 34, 172, '9', 10),
(2968, 2, 34, 172, '10', 10),
(2969, 2, 34, 172, '11', 10),
(2970, 2, 34, 172, '12', 10),
(2971, 2, 34, 172, '13', 10),
(2972, 2, 34, 172, '14', 10),
(2973, 2, 34, 172, '15', 10),
(2974, 2, 34, 172, '16', 10),
(2975, 2, 34, 172, '17', 10),
(2976, 2, 34, 172, '18', 10),
(2977, 2, 34, 172, '19', 10),
(2978, 2, 34, 172, '20', 10),
(2979, 2, 34, 172, '21', 10),
(2980, 2, 34, 172, '22', 10),
(2981, 2, 34, 172, '23', 10),
(2982, 2, 34, 172, '24', 10),
(2983, 2, 34, 172, '25', 10),
(2984, 2, 34, 173, '1', 10),
(2985, 2, 34, 173, '2', 10),
(2986, 2, 34, 173, '3', 10),
(2987, 2, 34, 173, '4', 10),
(2988, 2, 34, 173, '5', 10),
(2989, 2, 34, 173, '6', 10),
(2990, 2, 34, 173, '7', 10),
(2991, 2, 34, 173, '8', 10),
(2992, 2, 34, 173, '9', 10),
(2993, 2, 34, 173, '10', 10),
(2994, 2, 34, 173, '11', 10),
(2995, 2, 34, 173, '12', 10),
(2996, 2, 34, 173, '13', 10),
(2997, 2, 34, 173, '14', 10),
(2998, 2, 34, 173, '15', 10),
(2999, 2, 34, 173, '16', 10),
(3000, 2, 34, 173, '17', 10),
(3001, 2, 34, 173, '18', 10),
(3002, 2, 34, 173, '19', 10),
(3003, 2, 34, 173, '20', 10),
(3004, 2, 34, 173, '21', 10),
(3005, 2, 34, 173, '22', 10),
(3006, 2, 34, 173, '23', 10),
(3007, 2, 34, 173, '24', 10),
(3008, 2, 34, 173, '25', 10),
(3009, 2, 34, 174, '1', 10),
(3010, 2, 34, 174, '2', 10),
(3011, 2, 34, 174, '3', 10),
(3012, 2, 34, 174, '4', 10),
(3013, 2, 34, 174, '5', 10),
(3014, 2, 34, 174, '6', 10),
(3015, 2, 34, 174, '7', 10),
(3016, 2, 34, 174, '8', 10),
(3017, 2, 34, 174, '9', 10),
(3018, 2, 34, 174, '10', 10),
(3019, 2, 34, 174, '11', 10),
(3020, 2, 34, 174, '12', 10),
(3021, 2, 34, 174, '13', 10),
(3022, 2, 34, 174, '14', 10),
(3023, 2, 34, 174, '15', 10),
(3024, 2, 34, 174, '16', 10),
(3025, 2, 34, 174, '17', 10),
(3026, 2, 34, 174, '18', 10),
(3027, 2, 34, 174, '19', 10),
(3028, 2, 34, 174, '20', 10),
(3029, 2, 34, 174, '21', 10),
(3030, 2, 34, 174, '22', 10),
(3031, 2, 34, 174, '23', 10),
(3032, 2, 34, 174, '24', 10),
(3033, 2, 34, 174, '25', 10),
(3034, 2, 34, 175, '1', 10),
(3035, 2, 34, 175, '2', 10),
(3036, 2, 34, 175, '3', 10),
(3037, 2, 34, 175, '4', 10),
(3038, 2, 34, 175, '5', 10),
(3039, 2, 34, 175, '6', 10),
(3040, 2, 34, 175, '7', 10),
(3041, 2, 34, 175, '8', 10),
(3042, 2, 34, 175, '9', 10),
(3043, 2, 34, 175, '10', 10),
(3044, 2, 34, 175, '11', 10),
(3045, 2, 34, 175, '12', 10),
(3046, 2, 34, 175, '13', 10),
(3047, 2, 34, 175, '14', 10),
(3048, 2, 34, 175, '15', 10),
(3049, 2, 34, 175, '16', 10),
(3050, 2, 34, 175, '17', 10),
(3051, 2, 34, 175, '18', 10),
(3052, 2, 34, 175, '19', 10),
(3053, 2, 34, 175, '20', 10),
(3054, 2, 34, 175, '21', 10),
(3055, 2, 34, 175, '22', 10),
(3056, 2, 34, 175, '23', 10),
(3057, 2, 34, 175, '24', 10),
(3058, 2, 34, 175, '25', 10),
(3059, 2, 34, 176, '1', 10),
(3060, 2, 34, 176, '2', 10),
(3061, 2, 34, 176, '3', 10),
(3062, 2, 34, 176, '4', 10),
(3063, 2, 34, 176, '5', 10),
(3064, 2, 34, 176, '6', 10),
(3065, 2, 34, 176, '7', 10),
(3066, 2, 34, 176, '8', 10),
(3067, 2, 34, 176, '9', 10),
(3068, 2, 34, 176, '10', 10),
(3069, 2, 34, 176, '11', 10),
(3070, 2, 34, 176, '12', 10),
(3071, 2, 34, 176, '13', 10),
(3072, 2, 34, 176, '14', 10),
(3073, 2, 34, 176, '15', 10),
(3074, 2, 34, 176, '16', 10),
(3075, 2, 34, 176, '17', 10),
(3076, 2, 34, 176, '18', 10),
(3077, 2, 34, 176, '19', 10),
(3078, 2, 34, 176, '20', 10),
(3079, 2, 34, 176, '21', 10),
(3080, 2, 34, 176, '22', 10),
(3081, 2, 34, 176, '23', 10),
(3082, 2, 34, 176, '24', 10),
(3083, 2, 34, 176, '25', 10);

-- --------------------------------------------------------

--
-- Table structure for table `sections`
--

CREATE TABLE `sections` (
  `id` int(12) NOT NULL,
  `name` varchar(32) NOT NULL,
  `code` varchar(3) NOT NULL,
  `theater_id` int(12) NOT NULL,
  `accessible_section` int(1) NOT NULL,
  `front_text` varchar(32) NOT NULL,
  `back_text` varchar(32) NOT NULL
) ENGINE=InnoDB AUTO_INCREMENT=35 DEFAULT CHARSET=latin1;

--
-- Dumping data for table `sections`
--

INSERT INTO `sections` (`id`, `name`, `code`, `theater_id`, `accessible_section`, `front_text`, `back_text`) VALUES
(18, '1', '1', 1, 0, '1 Front', 'Back'),
(20, '2', '2', 1, 0, '2 Front', 'Back'),
(21, '3', '3', 1, 0, '3 Front', 'Back'),
(22, '4', '4', 1, 0, '4 Front', 'Back'),
(23, '5', '5', 1, 0, '5 Front', 'Back'),
(24, '6', '6', 1, 0, '6 Front', 'Back'),
(27, 'Loge 1', 'A', 1, 0, 'Loge A', ''),
(28, 'Loge 2', 'B', 1, 0, 'Loge B', ''),
(29, 'Loge 3', 'C', 1, 0, 'Loge C', ''),
(30, 'Loge 4', 'D', 1, 0, 'Loge D', ''),
(33, 'Main', 'M', 2, 0, 'Front', 'Back'),
(34, 'Balchony', 'B', 2, 0, 'Front', 'Back');

-- --------------------------------------------------------

--
-- Table structure for table `staff_assignments`
--

CREATE TABLE `staff_assignments` (
  `id` int(12) NOT NULL,
  `user_id` int(12) NOT NULL,
  `theater_id` int(12) NOT NULL,
  `access_level` int(8) NOT NULL
) ENGINE=InnoDB AUTO_INCREMENT=18 DEFAULT CHARSET=latin1;

--
-- Dumping data for table `staff_assignments`
--

INSERT INTO `staff_assignments` (`id`, `user_id`, `theater_id`, `access_level`) VALUES
(3, 11, 1, 2),
(4, 11, 2, 2),
(5, 13, 2, 2),
(6, 14, 2, 1),
(7, 15, 1, 2),
(8, 16, 1, 1),
(9, 17, 1, 2),
(10, 17, 2, 2),
(11, 18, 1, 1),
(12, 18, 2, 1),
(14, 26, 2, 2),
(15, 27, 2, 2),
(16, 28, 2, 2),
(17, 29, 2, 2);

-- --------------------------------------------------------

--
-- Table structure for table `theaters`
--

CREATE TABLE `theaters` (
  `id` int(12) NOT NULL,
  `name` varchar(64) NOT NULL,
  `sales_tax` double NOT NULL,
  `description` text NOT NULL,
  `location` varchar(256) NOT NULL,
  `artwork` varchar(32) NOT NULL
) ENGINE=InnoDB AUTO_INCREMENT=3 DEFAULT CHARSET=latin1;

--
-- Dumping data for table `theaters`
--

INSERT INTO `theaters` (`id`, `name`, `sales_tax`, `description`, `location`, `artwork`) VALUES
(1, 'Civic Center Playhouse', 0.09, '', 'Von Braun Civic Center, Huntsville AL', 'ccph'),
(2, 'Civic Center Concert Hall', 0.09, '', 'Von Braun Civic Center, Huntsville AL', 'ccch');

-- --------------------------------------------------------

--
-- Table structure for table `tickets`
--

CREATE TABLE `tickets` (
  `id` int(12) NOT NULL,
  `theater_id` int(12) NOT NULL,
  `section_id` int(12) NOT NULL,
  `row_id` int(12) NOT NULL,
  `seat_id` int(12) NOT NULL,
  `status` varchar(12) NOT NULL,
  `customer_id` int(12) NOT NULL,
  `customer_name` varchar(64) NOT NULL,
  `ticket_number` varchar(256) NOT NULL,
  `performance_id` int(12) NOT NULL,
  `season_id` int(11) NOT NULL,
  `purchase_id` varchar(256) NOT NULL
) ENGINE=InnoDB AUTO_INCREMENT=37 DEFAULT CHARSET=latin1;

--
-- Dumping data for table `tickets`
--

INSERT INTO `tickets` (`id`, `theater_id`, `section_id`, `row_id`, `seat_id`, `status`, `customer_id`, `customer_name`, `ticket_number`, `performance_id`, `season_id`, `purchase_id`) VALUES
(32, 2, 33, 154, 2509, 'paid', 0, 'John Doe', '313a32353039', 1, 0, '5714f341771517.44594290.172507539'),
(33, 2, 33, 154, 2510, 'paid', 0, 'John Doe', '313a32353130', 1, 0, '5714f341771517.44594290.172507539'),
(34, 2, 33, 154, 2511, 'paid', 0, 'John Doe', '313a32353131', 1, 0, '5714f341771517.44594290.172507539'),
(35, 2, 33, 154, 2512, 'paid', 0, 'John Doe', '313a32353132', 1, 0, '5714f341771517.44594290.172507539'),
(36, 1, 18, 61, 376, 'paid', 0, 'Fred Flintstone ', '343a333736', 4, 0, '57154013b33ca9.45354649.2351db1c3');

-- --------------------------------------------------------

--
-- Table structure for table `users`
--

CREATE TABLE `users` (
  `id` int(12) NOT NULL,
  `name` varchar(20) NOT NULL,
  `street` varchar(64) NOT NULL,
  `city` varchar(32) NOT NULL,
  `state` varchar(32) NOT NULL,
  `zip` varchar(12) NOT NULL,
  `phone_number` varchar(10) NOT NULL,
  `email` varchar(64) NOT NULL,
  `password` varchar(128) NOT NULL,
  `is_super_admin` tinyint(1) NOT NULL,
  `date_created` datetime NOT NULL,
  `date_modified` datetime NOT NULL,
  `salt` varchar(128) NOT NULL
) ENGINE=InnoDB AUTO_INCREMENT=21 DEFAULT CHARSET=latin1;

--
-- Dumping data for table `users`
--

INSERT INTO `users` (`id`, `name`, `street`, `city`, `state`, `zip`, `phone_number`, `email`, `password`, `is_super_admin`, `date_created`, `date_modified`, `salt`) VALUES
(13, 'CCCH Admin', '', '', '', '', '', 'admin-ccch', '061c50325e7bdbfb4390c8a09214c407715f52f15676304427ea4d15b383b85f99bf154120f7fccab1603398369e86420da9701d49ade849073ac13e0147ed47', 0, '2016-04-08 00:34:27', '0000-00-00 00:00:00', '13257034245706fc933027c3.60393257'),
(14, 'CCCH Cashier', '', '', '', '', '', 'cashier-ccch', 'daf119a4b5307c00deaff847559cc92d9ef2ec1bfc58dba8c2a3dbd0702a0cfefcbc23bbfd12ab3ec14d412897fe571ecfad4fb039643afc60fb6ed5e2e24349', 0, '2016-04-08 00:34:51', '0000-00-00 00:00:00', '17769460675706fcab4c3228.37593075'),
(15, 'CCPH Administrator', '', '', '', '', '', 'admin-ccph', 'd5c131f4835962169e4d2a85ead29338d2aedbac21cef839da0ef1d8c59f4996908d4f30c0ab1ec78789b73af1aa906479c33e810df22854f0ebc5b4bfe03443', 0, '2016-04-08 00:35:22', '0000-00-00 00:00:00', '11255566695706fcca61fd54.87976526'),
(16, 'CCPH Cashier', '', '', '', '', '', 'cashier-ccph', '50d8bac42aca268481d464c1791878194e3b56621b200164005e287f2212938bb04ea1cf09010d3204d1dae516bbed55bca8306c9ec87b6cb0ab71ba4bb1f9bc', 0, '2016-04-08 00:35:43', '0000-00-00 00:00:00', '8529518625706fcdfc7b847.56221427'),
(17, 'Dual Administrator', '', 'Huntsville', 'Alabama', '', '', 'admin-dual', '63f4d1834f790d65800bd755446ebdabf14e6621c61f16906f6cbecdc509b942f070abf125a1b774fbfcb096266fe314dd69639d125d0b61d8f0f58afff670e9', 1, '2016-04-08 00:36:07', '0000-00-00 00:00:00', '16163774565706fcf7ad1e36.49583963'),
(18, 'Dual Cashier', '', '', '', '', '', 'cashier-dual', '85b27b5d30730b886659cb3632829edc1c268fadf91bd50bf25caf36d11a410f979d4d44663d8ea320584eaeda641c449a1da7429ce333bb5532400117640f73', 0, '2016-04-08 00:36:35', '0000-00-00 00:00:00', '14480738335706fd138ce6d2.72222497'),
(19, 'Administrator', '', '', '', '', '', 'admin', 'b4a8040e97e011bc9ad79b67102ebd5419d21a7cb0bbcc61b67f3568d85eecc251b74d0676954291065b9dcd77f5f903f8563d4e7199068f99a01bc54944f74a', 1, '2016-04-08 00:42:39', '0000-00-00 00:00:00', '21027280725706fe7f8db8e6.01095873'),
(20, 'Customer', '', '', '', '', '', 'customer', '8a642c3bfc07b65047652d89aa603a7333a83d8acf5337532699f916091c477c3964b1090fa8aae82a1ccf30febb346acf010dcbf5f2087fd88c3c79b6817843', 0, '2016-04-08 00:43:21', '0000-00-00 00:00:00', '9563961435706fea931f207.84106836');

--
-- Indexes for dumped tables
--

--
-- Indexes for table `cart_items`
--
ALTER TABLE `cart_items`
  ADD PRIMARY KEY (`id`);

--
-- Indexes for table `performances`
--
ALTER TABLE `performances`
  ADD PRIMARY KEY (`id`);

--
-- Indexes for table `plays`
--
ALTER TABLE `plays`
  ADD PRIMARY KEY (`id`);

--
-- Indexes for table `rows`
--
ALTER TABLE `rows`
  ADD PRIMARY KEY (`id`);

--
-- Indexes for table `seasons`
--
ALTER TABLE `seasons`
  ADD PRIMARY KEY (`id`);

--
-- Indexes for table `seats`
--
ALTER TABLE `seats`
  ADD PRIMARY KEY (`id`),
  ADD UNIQUE KEY `id_2` (`id`),
  ADD KEY `id` (`id`);

--
-- Indexes for table `sections`
--
ALTER TABLE `sections`
  ADD PRIMARY KEY (`id`);

--
-- Indexes for table `staff_assignments`
--
ALTER TABLE `staff_assignments`
  ADD PRIMARY KEY (`id`);

--
-- Indexes for table `theaters`
--
ALTER TABLE `theaters`
  ADD PRIMARY KEY (`id`);

--
-- Indexes for table `tickets`
--
ALTER TABLE `tickets`
  ADD PRIMARY KEY (`id`);

--
-- Indexes for table `users`
--
ALTER TABLE `users`
  ADD PRIMARY KEY (`id`);

--
-- AUTO_INCREMENT for dumped tables
--

--
-- AUTO_INCREMENT for table `cart_items`
--
ALTER TABLE `cart_items`
  MODIFY `id` int(12) NOT NULL AUTO_INCREMENT;
--
-- AUTO_INCREMENT for table `performances`
--
ALTER TABLE `performances`
  MODIFY `id` int(11) NOT NULL AUTO_INCREMENT,AUTO_INCREMENT=12;
--
-- AUTO_INCREMENT for table `plays`
--
ALTER TABLE `plays`
  MODIFY `id` int(12) NOT NULL AUTO_INCREMENT,AUTO_INCREMENT=6;
--
-- AUTO_INCREMENT for table `rows`
--
ALTER TABLE `rows`
  MODIFY `id` int(12) NOT NULL AUTO_INCREMENT,AUTO_INCREMENT=177;
--
-- AUTO_INCREMENT for table `seasons`
--
ALTER TABLE `seasons`
  MODIFY `id` int(12) NOT NULL AUTO_INCREMENT,AUTO_INCREMENT=7;
--
-- AUTO_INCREMENT for table `seats`
--
ALTER TABLE `seats`
  MODIFY `id` int(12) NOT NULL AUTO_INCREMENT,AUTO_INCREMENT=3084;
--
-- AUTO_INCREMENT for table `sections`
--
ALTER TABLE `sections`
  MODIFY `id` int(12) NOT NULL AUTO_INCREMENT,AUTO_INCREMENT=35;
--
-- AUTO_INCREMENT for table `staff_assignments`
--
ALTER TABLE `staff_assignments`
  MODIFY `id` int(12) NOT NULL AUTO_INCREMENT,AUTO_INCREMENT=18;
--
-- AUTO_INCREMENT for table `theaters`
--
ALTER TABLE `theaters`
  MODIFY `id` int(12) NOT NULL AUTO_INCREMENT,AUTO_INCREMENT=3;
--
-- AUTO_INCREMENT for table `tickets`
--
ALTER TABLE `tickets`
  MODIFY `id` int(12) NOT NULL AUTO_INCREMENT,AUTO_INCREMENT=37;
--
-- AUTO_INCREMENT for table `users`
--
ALTER TABLE `users`
  MODIFY `id` int(12) NOT NULL AUTO_INCREMENT,AUTO_INCREMENT=21;
/*!40101 SET CHARACTER_SET_CLIENT=@OLD_CHARACTER_SET_CLIENT */;
/*!40101 SET CHARACTER_SET_RESULTS=@OLD_CHARACTER_SET_RESULTS */;
/*!40101 SET COLLATION_CONNECTION=@OLD_COLLATION_CONNECTION */;
